{
  "n_vectors": 100,
  "n_steps": 50,
  "latent_dim": 8,
  "target_tm": 50.0,
  "seed": 42,
  "gradient_ascent": {
    "initial_mean_log_score": -5362.6793576893215,
    "final_mean_log_score": -8.786643478046171,
    "final_max_log_score": -0.0004038421902805567,
    "final_min_log_score": -68.31551361083984,
    "final_std_log_score": 16.086022636242152,
    "mean_improvement": 5353.892714211275
  },
  "ess": {
    "initial_mean_log_score": -5362.6793576893215,
    "final_mean_log_score": -0.5014384144585347,
    "final_max_log_score": -1.6973353922367096e-05,
    "final_min_log_score": -3.8992178440093994,
    "final_std_log_score": 0.7031506148999828,
    "mean_improvement": 5362.177919274862
  }
}