Method,Target Label,ESM-2 Score,PRO-LDM Score,Avg. pLDDT,Mean Identity,Max Identity
Natural (WT),N/A,,0.5072875022888184,,1.0,1.0
PRO-LDM (ω=20),8,,0.7613323392000001,,0.9641350210970464,0.9746835443037974
ESS (TFG),N/A,,0.7741727784,,0.9740084388185656,0.9746835443037974
TESS (TFG),N/A,,0.7741040984,,0.9740928270042195,0.9746835443037974
Transport ESS,N/A,,0.7743836594,,0.9735864978902956,0.9746835443037974
